Group IP,Title,First Name,Middle Name,Last Name,Date of Birth,Address Line 1 - Current,Address Line 2 - Current,City - Current,State - Current,Postal Code - Current,,Country - Current,Address Line 1 - Previous,Address Line 2 - Previous,City - Previous,State - Previous,Postal Code - Previous,Country - Previous,Gender,Passport Number,Occupation,Nationality,Unknown Phone,IP Address,Other Information,AccountType,Other Information
1,Mr,Jack,Mario,Bros,10/01/1088,1 High Street,,London,,W1 54P,,UK,1 High Street,,London,,W1 54P,UK,Male,,,Italian,,1,Low,,
2,Mr,Silvio,,Berlusconi,,,,,,,,,,,,,,,male,,former prime minister,Italian,,2,Medium,,
3,Mr,Zachary,Aaron,Rice,2/1/1971,84 Gloucester Road,,CLASHNOIR,,AB37 2PZ,,United Kingdom,84 Gloucester Road,85 Gloucester Road,CLASHNOIR,,AB37 2PZ,United Kingdom,male,,,,,3,,,
4,Ms,Laura,Aaliyah,Lloyd,1/2/1957,84 Duckpit Lane,,UPTON,,PE5 1WZ,,United Kingdom,84 Duckpit Lane,86 Gloucester Road,UPTON,,PE5 1WZ,United Kingdom,female,,,,,4,High,,
5,Mrs,Naomi,Aaliyah,Pearce,18/02/1957,73 Red Lane,,EVERBAY,,KW17 3BB,,United Kingdom,73 Red Lane,87 Gloucester Road,EVERBAY,,KW17 3BB,United Kingdom,female,,,,,5,Low,,
6,Mrs,Zoe,Aaliyah,Humphreys,22/08/1958,99 Hindhead Road,,EARLSTON,,TD4 6GE,,United Kingdom,99 Hindhead Road,88 Gloucester Road,EARLSTON,,TD4 6GE,United Kingdom,female,,,,,6,Medium,,
7,Ms,Freya,Abbie,Nicholson,18/07/1986,41 Malcolm Rd,,LLANDYRNOG,,LL16 7DA,,United Kingdom,41 Malcolm Rd,89 Gloucester Road,LLANDYRNOG,,LL16 7DA,United Kingdom,female,,,,,7,,,
8,Mr,Oscar,Aaron,Noble,23/02/1962,38 Hexham Road,,IRBY IN THE MARSH,,PE24 6FR,,United Kingdom,38 Hexham Road,90 Gloucester Road,IRBY IN THE MARSH,,PE24 6FR,United Kingdom,male,,,,,8,High,,
9,,Logan,Adam,Wheeler,9/6/1959,79 Lammas Street,,GREAT CRESSINGHAM,,IP25 8DB,,United Kingdom,79 Lammas Street,,GREAT CRESSINGHAM,,IP25 8DB,United Kingdom,male,,,,,9,Low,,
10,,Jasmine,Abbie,Turnbull,7/1/1980,14 Argyll Road,,LLANDDAROG,,SA32 6HZ,,United Kingdom,14 Argyll Road,,LLANDDAROG,,SA32 6HZ,United Kingdom,female,,,,,10,Medium,,
11,,Charlie,Adam,Wong,27/07/1986,13 Jesmond Rd,,KILMALIEU,,PH33 7FH,,United Kingdom,13 Jesmond Rd,,KILMALIEU,,PH33 7FH,United Kingdom,male,,,,,11,,,
12,,Emma,Abbie,Sims,22/07/1961,1 Argyll Street,,STANDON,,ST21 4EF,,United Kingdom,1 Argyll Street,,STANDON,,ST21 4EF,United Kingdom,female,,,,,12,High,,
13,,Joshua,Adam,King,6/9/1974,83 Asfordby Rd,,ALDERMASTON,,RG7 0ZN,,United Kingdom,83 Asfordby Rd,,ALDERMASTON,,RG7 0ZN,United Kingdom,male,,,,,13,Low,,
14,,Sean,Adam,Wilkins,13/10/1972,67 High St,,THROCKING,,SG9 3NL,,United Kingdom,67 High St,,THROCKING,,SG9 3NL,United Kingdom,male,,,,,14,Medium,,
15,,Aidan,Adam,Parkin,17/07/1982,63 Southlands Road,,PONTYBEREM,,SA15 3XY,,United Kingdom,63 Southlands Road,,PONTYBEREM,,SA15 3XY,United Kingdom,male,,,,,15,,,
16,,Gracie,Abby,Goodwin,1/12/1959,49 Hudson St,,DUNDONNELL,,IV23 4QP,,United Kingdom,49 Hudson St,,DUNDONNELL,,IV23 4QP,United Kingdom,female,,,,,16,High,,
17,,Mohammad,Adam,Grant,8/6/1981,85 Stone St,,CRAIGNURE,,PA65 7EW,,United Kingdom,85 Stone St,,CRAIGNURE,,PA65 7EW,United Kingdom,male,,,,,17,Low,,
18,,Rebecca,Abby,Owen,22/11/1974,65 Circle Way,,CAIRNARGAT,,AB54 4PX,,United Kingdom,65 Circle Way,,CAIRNARGAT,,AB54 4PX,United Kingdom,female,,,,,18,Medium,,
19,,Tom,Adam,Hudson,7/3/1969,53 Seafield Street,,LLANWNOG,,SY17 4XW,,United Kingdom,53 Seafield Street,,LLANWNOG,,SY17 4XW,United Kingdom,male,,,,,19,,,
20,,Jasmine,Abby,Harvey,16/03/1982,94 Dunmow Road,,GRINSDALE,,CA5 6YX,,United Kingdom,94 Dunmow Road,,GRINSDALE,,CA5 6YX,United Kingdom,female,,,,,20,High,,
