Group IP,Title,First Name,Middle Name,Last Name,Date of Birth,Address Line 1 - Current,Address Line 2 - Current,City - Current,State - Current,Postal Code - Current,Country - Current,Address Line 1 - Previous,Address Line 2 - Previous,City - Previous,State - Previous,Postal Code - Previous,Country - Previous,Gender,Place of Birth,Passport Number,Occupation,Nationality,Unknown Phone,IP Address,Other Information,AccountType,Other Information
1,Mr,Jack,Mario,Bros,10/01/1088,1 High Street,,London,,W1 54P,UK,,,1 High Street,,,Coventry,UK,Male,,,Italian,,1,Low,,
2,Mr,Silvio,,Berlusconi,,,,,,,,,,,,,,,,,former prime minister,Italian,,2,Medium,,
3,Mr,Zachary,Aaron,Rice,02/01/1971,84 Gloucester Road,,CLASHNOIR,,AB37 2PZ,United Kingdom,,,,,,,,male,,,,,3,,,
4,Ms,Laura,Aaliyah,Lloyd,01/02/1957,84 Duckpit Lane,,UPTON,,PE5 1WZ,United Kingdom,,,,,,,,female,,,,,4,High,,
5,Mrs,Naomi,Aaliyah,Pearce,18/02/1957,73 Red Lane,,EVERBAY,,KW17 3BB,United Kingdom,,,,,,,,female,,,,,5,Low,,
6,Mrs,Zoe,Aaliyah,Humphreys,22/08/1958,99 Hindhead Road,,EARLSTON,,TD4 6GE,United Kingdom,,,,,,,,female,,,,,6,Medium,,
7,Ms,Freya,Abbie,Nicholson,18/07/1986,41 Malcolm Rd,,LLANDYRNOG,,LL16 7DA,United Kingdom,,,,,,,,female,,,,,7,,,
8,Mr,Oscar,Aaron,Noble,23/02/1962,38 Hexham Road,,IRBY IN THE MARSH,,PE24 6FR,United Kingdom,,,,,,,,male,,,,,8,High,,
9,,Logan,Adam,Wheeler,09/06/1959,79 Lammas Street,,GREAT CRESSINGHAM,,IP25 8DB,United Kingdom,,,,,,,,male,,,,,9,Low,,
10,,Jasmine,Abbie,Turnbull,07/01/1980,14 Argyll Road,,LLANDDAROG,,SA32 6HZ,United Kingdom,,,,,,,,female,,,,,10,Medium,,
11,,Charlie,Adam,Wong,27/07/1986,13 Jesmond Rd,,KILMALIEU,,PH33 7FH,United Kingdom,,,,,,,,male,,,,,11,,,
12,,Emma,Abbie,Sims,22/07/1961,1 Argyll Street,,STANDON,,ST21 4EF,United Kingdom,,,,,,,,female,,,,,12,High,,
13,,Joshua,Adam,King,06/09/1974,83 Asfordby Rd,,ALDERMASTON,,RG7 0ZN,United Kingdom,,,,,,,,male,,,,,13,Low,,
14,,Sean,Adam,Wilkins,13/10/1972,67 High St,,THROCKING,,SG9 3NL,United Kingdom,,,,,,,,male,,,,,14,Medium,,
15,,Aidan,Adam,Parkin,17/07/1982,63 Southlands Road,,PONTYBEREM,,SA15 3XY,United Kingdom,,,,,,,,male,,,,,15,,,
16,,Gracie,Abby,Goodwin,01/12/1959,49 Hudson St,,DUNDONNELL,,IV23 4QP,United Kingdom,,,,,,,,female,,,,,16,High,,
17,,Mohammad,Adam,Grant,08/06/1981,85 Stone St,,CRAIGNURE,,PA65 7EW,United Kingdom,,,,,,,,male,,,,,17,Low,,
18,,Rebecca,Abby,Owen,22/11/1974,65 Circle Way,,CAIRNARGAT,,AB54 4PX,United Kingdom,,,,,,,,female,,,,,18,Medium,,
19,,Tom,Adam,Hudson,07/03/1969,53 Seafield Street,,LLANWNOG,,SY17 4XW,United Kingdom,,,,,,,,male,,,,,19,,,
20,,Jasmine,Abby,Harvey,16/03/1982,94 Dunmow Road,,GRINSDALE,,CA5 6YX,United Kingdom,,,,,,,,female,,,,,20,High,,
21,,Anna,Abby,Dyer,26/05/1986,76 Bootham Terrace,,RAVENSTONE,,LE67 3HY,United Kingdom,,,,,,,,female,,,,,21,Low,,
22,,Michael,Aidan,Carroll,05/04/1978,12 Southend Avenue,,BLACK NOTLEY,,CM7 7UA,United Kingdom,,,,,,,,male,,,,,22,Medium,,
23,,Tyler,Aidan,Myers,22/02/1966,68 Huntly Street,,BARRAPOL,,PA77 6WH,United Kingdom,,,,,,,,male,,,,,23,,,
24,,Kate,Abby,Anderson,18/08/1959,31 Kingsway North,,HOLSWORTHY,,EX22 2RG,United Kingdom,,,,,,,,female,,,,,24,High,,
25,,Eva,Abigail,Thomas,01/02/1992,25 Wade Lane,,SANDFORD,,BH20 7SP,United Kingdom,,,,,,,,female,,,,,25,Low,,
26,,Rosie,Abigail,Marsh,14/08/1983,98 Wrexham Rd,,EWENNY,,CF35 8WL,United Kingdom,,,,,,,,female,,,,,26,Medium,,
27,,Robert,Aidan,Stephenson,15/11/1985,21 Circle Way,,CALDECOTE,,CV10 8DF,United Kingdom,,,,,,,,male,,,,,27,,,
28,,Declan,Aidan,Holt,07/07/1960,66 Front St,,HENGRAVE,,IP28 6TH,United Kingdom,,,,,,,,male,,,,,28,High,,
29,,Sophia,Abigail,Walsh,05/08/1968,77 Shire Oak Road,,SCOTLAND GATE,,NE62 0SZ,United Kingdom,,,,,,,,female,,,,,29,Low,,
30,,Rosie,Abigail,Walters,05/08/1968,25 Davids Lane,,SUFFIELD,,YO13 8DY,United Kingdom,,,,,,,,female,,,,,30,Medium,,
31,,Kieran,Alex,Brennan,16/07/1967,99 Whitby Road,,DEWSALL COURT,,HR2 5TP,United Kingdom,,,,,,,,male,,,,,31,,,
32,,Gracie,Abigail,Porter,11/04/1983,12 East Street,,MANTON,,LE15 6JP,United Kingdom,,,,,,,,female,,,,,32,High,,
33,,Morgan,Alex,Holland,23/09/1963,13 Pier Road,,STAPLETON,,LE9 3DY,United Kingdom,,,,,,,,male,,,,,33,Low,,
34,,Sophia,Abigail,Nelson,27/02/1964,29 Buckingham Rd,,THORNCOMBE,,TA20 5BJ,United Kingdom,,,,,,,,female,,,,,34,Medium,,
35,,Henry,Alex,Wyatt,05/05/1977,87 Caxton Place,,CABHARSTADH,,HS2 1TR,United Kingdom,,,,,,,,male,,,,,35,,,
36,,Abbie,Aimee,Buckley,22/08/1963,6 Stone Cellar Road,,KINLOCHEIL,,PH33 1ET,United Kingdom,,,,,,,,female,,,,,36,High,,
37,,Ella,Aimee,Marsden,13/06/1985,62 Helland Bridge,,UNDERWOOD,,NP6 1UN,United Kingdom,,,,,,,,female,,,,,37,Low,,
38,,Zachary,Alex,Pickering,31/10/1960,74 Rhosddu Rd,,FILEY,,YO14 2US,United Kingdom,,,,,,,,male,,,,,38,Medium,,
39,,Chelsea,Aimee,Woods,24/11/1956,28 Redcliffe Way,,WOODLAND,,DL13 3XP,United Kingdom,,,,,,,,female,,,,,39,,,
40,,Alexandra,Aimee,O'Donnell,09/05/1961,89 Osborne Road,,KINBLETHMONT,,DD11 9ZA,United Kingdom,,,,,,,,female,,,,,40,High,,
41,,Jennifer,Aimee,Hope,31/01/1980,13 Guild Street,,LONDON,,EC2P 4GT,United Kingdom,,,,,,,,female,,,,,41,Low,,
42,,Scarlett,Aimee,Butcher,25/11/1966,19 Farburn Terrace,,LITTLE MALVERN,,WR14 0ZH,United Kingdom,,,,,,,,female,,,,,42,Medium,,
43,,Lydia,Aimee,Gill,09/01/1984,45 Scarcroft Road,,PORTGATE,,EX20 6RT,United Kingdom,,,,,,,,female,,,,,43,,,
44,,Lauren,Alexandra,Marsh,19/12/1978,12 Ilchester Road,,MYLOR,,TR11 2HU,United Kingdom,,,,,,,,female,,,,,44,High,,
45,,Melissa,Alexandra,Stanley,17/01/1966,65 Castledore Road,,TWYFORD,,MK18 2AX,United Kingdom,,,,,,,,female,,,,,45,Low,,
46,,Megan,Alexandra,Burrows,29/03/1975,48 Seaford Road,,CUNDALL,,YO61 1WL,United Kingdom,,,,,,,,female,,,,,46,Medium,,
47,,Lara,Alexandra,Ingram,22/03/1956,26 Bath Rd,,WOLSTON,,CV8 9XW,United Kingdom,,,,,,,,female,,,,,47,,,
48,,Elise,Alexandra,Kent,13/09/1969,94 Lincoln Green Lane,,CHORLEY,,CW5 5QF,United Kingdom,,,,,,,,female,,,,,48,High,,
49,,Noah,Alfie,Flynn,17/05/1978,74 Scrimshire Lane,,ASTERBY,,LN11 2TQ,United Kingdom,,,,,,,,male,,,,,49,Low,,
50,,Michael,Alfie,Roberts,13/07/1972,37 Friar Street,,CLAYTON,,DN5 6GE,United Kingdom,,,,,,,,male,,,,,50,Medium,,
